ID,Timestamp,IP Address,Endpoint,Method,Payload Size,Anomaly Score,Rule Flag,Rule Detection,ML Flag,Final Decision,Attacks Count,Failed Attempts
486,2026-02-21 19:28:09,192.168.1.5,/api/delete,GET,0,-0.564985,0,,1,ANOMALY,0,0
487,2026-02-21 19:28:09,203.0.113.5,/api/auth/login,POST,31,-0.532058,1,"XSS_INJECTION,SLOW_DDoS (157 requests)",1,ATTACK,2,0
485,2026-02-21 19:28:08,192.168.1.17,/api/auth/register,PUT,34,-0.515028,1,COMMAND_INJECTION,1,ATTACK,1,0
484,2026-02-21 19:26:25,192.168.1.11,/api/search,GET,0,-0.57965,0,,1,ANOMALY,0,0
483,2026-02-21 19:26:24,203.0.113.9,/api/orders,POST,29,-0.499716,1,"XSS_INJECTION,SLOW_DDoS (166 requests)",0,ATTACK,2,0
481,2026-02-21 19:26:23,203.0.113.9,/api/admin,GET,30,-0.52231,1,COMMAND_INJECTION,1,ATTACK,1,0
482,2026-02-21 19:26:23,192.168.1.19,/api/delete,GET,0,-0.57226,0,,1,ANOMALY,0,0
479,2026-02-21 19:26:22,192.168.1.1,/api/search,GET,0,-0.580043,0,,1,ANOMALY,0,0
480,2026-02-21 19:26:22,192.168.1.11,/api/upload,GET,0,-0.57226,0,,1,ANOMALY,0,0
477,2026-02-21 19:26:21,192.168.1.10,/api/auth/login,GET,0,-0.598941,0,,1,ANOMALY,0,0
478,2026-02-21 19:26:21,192.168.1.14,/api/orders,GET,0,-0.554082,0,,1,ANOMALY,0,0
475,2026-02-21 19:26:20,203.0.113.3,/api/products,POST,29,-0.49045,1,"XSS_INJECTION,SLOW_DDoS (137 requests)",0,ATTACK,2,0
476,2026-02-21 19:26:20,192.168.1.18,/api/products,GET,0,-0.577683,0,,1,ANOMALY,0,0
473,2026-02-21 19:26:19,192.168.1.16,/api/orders,POST,42,-0.445925,0,,0,NORMAL,0,0
474,2026-02-21 19:26:19,192.168.1.14,/api/users,GET,0,-0.56348,0,,1,ANOMALY,0,0
471,2026-02-21 19:26:18,192.168.1.3,/api/admin,POST,42,-0.44828,0,,0,NORMAL,0,0
472,2026-02-21 19:26:18,192.168.1.16,/api/users,GET,0,-0.580043,0,,1,ANOMALY,0,0
469,2026-02-21 19:26:17,192.168.1.10,/api/delete,POST,32,-0.450353,0,,0,NORMAL,0,0
470,2026-02-21 19:26:17,203.0.113.6,/api/admin,POST,34,-0.522663,1,"XSS_INJECTION,SLOW_DDoS (183 requests)",1,ATTACK,2,0
468,2026-02-21 19:26:16,192.168.1.4,/api/auth/login,PUT,34,-0.567706,1,COMMAND_INJECTION,1,ATTACK,1,0
466,2026-02-21 19:26:15,192.168.1.4,/api/users,POST,28,-0.426755,0,,0,NORMAL,0,0
467,2026-02-21 19:26:15,203.0.113.2,/api/search,POST,24,-0.51695,1,SLOW_DDoS (267 requests),1,ATTACK,1,0
464,2026-02-21 19:26:14,192.168.1.12,/api/auth/register,GET,0,-0.57226,0,,1,ANOMALY,0,0
465,2026-02-21 19:26:14,192.168.1.19,/api/users,POST,34,-0.482735,1,COMMAND_INJECTION,0,ATTACK,1,0
462,2026-02-21 19:26:13,192.168.1.17,/api/delete,POST,28,-0.416416,0,,0,NORMAL,0,0
463,2026-02-21 19:26:13,192.168.1.8,/api/upload,POST,46,-0.478626,0,,0,NORMAL,0,0
460,2026-02-21 19:26:12,192.168.1.17,/api/upload,GET,0,-0.557866,0,,1,ANOMALY,0,0
461,2026-02-21 19:26:12,192.168.1.3,/api/upload,POST,28,-0.432026,0,,0,NORMAL,0,0
458,2026-02-21 19:26:11,192.168.1.5,/api/orders,POST,34,-0.470588,1,COMMAND_INJECTION,0,ATTACK,1,0
459,2026-02-21 19:26:11,203.0.113.2,/api/admin,POST,25,-0.484944,1,"XSS_INJECTION,SLOW_DDoS (153 requests)",0,ATTACK,2,0
456,2026-02-21 19:26:10,192.168.1.10,/api/auth/register,GET,0,-0.559111,0,,1,ANOMALY,0,0
457,2026-02-21 19:26:10,192.168.1.8,/api/users,GET,0,-0.580043,0,,1,ANOMALY,0,0
454,2026-02-21 19:26:09,192.168.1.9,/api/upload,POST,25,-0.414116,0,,0,NORMAL,0,0
455,2026-02-21 19:26:09,203.0.113.7,/api/orders,POST,41,-0.49728,1,"COMMAND_INJECTION,SLOW_DDoS (150 requests)",0,ATTACK,2,0
452,2026-02-21 19:26:08,192.168.1.18,/api/auth/register,POST,46,-0.479599,0,,0,NORMAL,0,0
453,2026-02-21 19:26:08,192.168.1.6,/api/search,GET,0,-0.570381,0,,1,ANOMALY,0,0
451,2026-02-21 19:26:07,192.168.1.7,/api/admin,POST,42,-0.44828,0,,0,NORMAL,0,0
449,2026-02-21 19:26:06,192.168.1.8,/api/auth/login,POST,42,-0.488287,0,,0,NORMAL,0,0
450,2026-02-21 19:26:06,192.168.1.3,/api/orders,POST,32,-0.464066,0,,0,NORMAL,0,0
447,2026-02-21 19:26:05,192.168.1.4,/api/auth/register,POST,23,-0.459751,0,,0,NORMAL,0,0
448,2026-02-21 19:26:05,192.168.1.8,/api/auth/register,GET,0,-0.57226,0,,1,ANOMALY,0,0
445,2026-02-21 19:26:04,192.168.1.19,/api/admin,GET,0,-0.575334,0,,1,ANOMALY,0,0
446,2026-02-21 19:26:04,192.168.1.13,/api/users,POST,11,-0.450826,0,,0,NORMAL,0,0
443,2026-02-21 19:26:03,203.0.113.6,/api/search,POST,17,-0.470555,1,SLOW_DDoS (183 requests),0,ATTACK,1,1
444,2026-02-21 19:26:03,192.168.1.17,/api/search,POST,42,-0.439098,0,,0,NORMAL,0,0
441,2026-02-21 19:26:02,192.168.1.5,/api/delete,POST,28,-0.426697,0,,0,NORMAL,0,0
442,2026-02-21 19:26:02,192.168.1.2,/api/users,GET,0,-0.580043,0,,1,ANOMALY,0,0
439,2026-02-21 19:26:01,192.168.1.14,/api/auth/register,POST,32,-0.472181,0,,0,NORMAL,0,0
440,2026-02-21 19:26:01,192.168.1.9,/api/search,GET,0,-0.569609,0,,1,ANOMALY,0,0
437,2026-02-21 19:26:00,192.168.1.5,/api/upload,POST,28,-0.429403,0,,0,NORMAL,0,0
438,2026-02-21 19:26:00,203.0.113.2,/api/products,POST,30,-0.520906,1,"SQL_INJECTION (pattern matched),COMMAND_INJECTION,SLOW_DDoS (155 requests)",1,ATTACK,3,0
435,2026-02-21 19:25:59,192.168.1.2,/api/users,GET,0,-0.580043,0,,1,ANOMALY,0,0
436,2026-02-21 19:25:59,192.168.1.6,/api/delete,GET,0,-0.561966,0,,1,ANOMALY,0,0
434,2026-02-21 19:25:58,192.168.1.15,/api/admin,POST,28,-0.422385,0,,0,NORMAL,0,0
432,2026-02-21 19:25:57,192.168.1.14,/api/upload,POST,32,-0.472033,0,,0,NORMAL,0,0
433,2026-02-21 19:25:57,192.168.1.11,/api/auth/login,GET,0,-0.614282,0,,1,ANOMALY,0,0
430,2026-02-21 19:25:56,192.168.1.16,/api/delete,GET,0,-0.57226,0,,1,ANOMALY,0,0
431,2026-02-21 19:25:56,192.168.1.5,/api/auth/register,PUT,28,-0.505449,0,,0,NORMAL,0,0
428,2026-02-21 19:25:55,192.168.1.1,/api/admin,POST,25,-0.423164,0,,0,NORMAL,0,0
429,2026-02-21 19:25:55,192.168.1.18,/api/auth/login,GET,0,-0.614282,0,,1,ANOMALY,0,0
426,2026-02-21 19:25:54,192.168.1.19,/api/users,GET,0,-0.578074,0,,1,ANOMALY,0,0
427,2026-02-21 19:25:54,192.168.1.12,/api/upload,GET,0,-0.569941,0,,1,ANOMALY,0,0
424,2026-02-21 19:25:53,192.168.1.7,/api/auth/login,PUT,25,-0.546259,0,,1,ANOMALY,0,0
425,2026-02-21 19:25:53,192.168.1.10,/api/orders,PUT,42,-0.508864,0,,0,NORMAL,0,0
422,2026-02-21 19:25:52,203.0.113.9,/api/auth/login,POST,32,-0.520127,0,,1,ANOMALY,0,3
423,2026-02-21 19:25:52,192.168.1.18,/api/admin,POST,46,-0.479599,0,,0,NORMAL,0,0
420,2026-02-21 19:25:51,203.0.113.6,/api/products,POST,47,-0.513308,1,"XSS_INJECTION,SLOW_DDoS (147 requests)",1,ATTACK,2,0
421,2026-02-21 19:25:51,192.168.1.5,/api/upload,GET,0,-0.569941,0,,1,ANOMALY,0,0
418,2026-02-21 19:25:50,192.168.1.8,/api/orders,POST,46,-0.479599,0,,0,NORMAL,0,0
419,2026-02-21 19:25:50,203.0.113.4,/api/users,POST,25,-0.512007,1,"XSS_INJECTION,SLOW_DDoS (139 requests)",1,ATTACK,2,0
417,2026-02-21 19:25:49,192.168.1.15,/api/upload,GET,0,-0.556361,0,,1,ANOMALY,0,0
415,2026-02-21 19:25:48,192.168.1.8,/api/admin,PUT,32,-0.523064,0,,1,ANOMALY,0,0
416,2026-02-21 19:25:48,192.168.1.10,/api/search,PUT,25,-0.490256,0,,0,NORMAL,0,0
413,2026-02-21 19:25:47,203.0.113.3,/api/search,POST,42,-0.529646,1,"COMMAND_INJECTION,SLOW_DDoS (195 requests)",1,ATTACK,2,1
414,2026-02-21 19:25:47,192.168.1.12,/api/auth/login,POST,23,-0.51166,0,,1,ANOMALY,0,0
411,2026-02-21 19:25:46,192.168.1.1,/api/auth/register,GET,0,-0.57226,0,,1,ANOMALY,0,0
412,2026-02-21 19:25:46,192.168.1.18,/api/auth/login,POST,23,-0.51166,0,,1,ANOMALY,0,0
409,2026-02-21 19:25:45,192.168.1.17,/api/users,GET,0,-0.565691,0,,1,ANOMALY,0,0
410,2026-02-21 19:25:45,192.168.1.19,/api/users,PUT,46,-0.532913,0,,1,ANOMALY,0,0
407,2026-02-21 19:25:44,192.168.1.10,/api/auth/login,PUT,46,-0.565879,0,,1,ANOMALY,0,0
408,2026-02-21 19:25:44,192.168.1.9,/api/auth/register,GET,0,-0.561966,0,,1,ANOMALY,0,0
405,2026-02-21 19:25:43,192.168.1.13,/api/search,GET,0,-0.578074,0,,1,ANOMALY,0,0
406,2026-02-21 19:25:43,192.168.1.17,/api/products,POST,42,-0.436032,0,,0,NORMAL,0,0
403,2026-02-21 19:25:42,192.168.1.11,/api/orders,GET,0,-0.57226,0,,1,ANOMALY,0,0
404,2026-02-21 19:25:42,192.168.1.1,/api/orders,GET,0,-0.57226,0,,1,ANOMALY,0,0
402,2026-02-21 19:25:41,192.168.1.1,/api/admin,POST,46,-0.479599,0,,0,NORMAL,0,0
400,2026-02-21 19:25:40,203.0.113.3,/api/search,POST,17,-0.469162,1,SLOW_DDoS (274 requests),0,ATTACK,1,1
401,2026-02-21 19:25:40,192.168.1.16,/api/auth/login,GET,0,-0.614282,0,,1,ANOMALY,0,0
398,2026-02-21 19:25:39,192.168.1.1,/api/upload,POST,11,-0.437296,0,,0,NORMAL,0,0
399,2026-02-21 19:25:39,192.168.1.4,/api/upload,POST,28,-0.423247,0,,0,NORMAL,0,0
396,2026-02-21 19:25:38,192.168.1.10,/api/admin,POST,32,-0.481176,0,,0,NORMAL,0,0
397,2026-02-21 19:25:38,192.168.1.18,/api/users,GET,0,-0.577683,0,,1,ANOMALY,0,0
394,2026-02-21 19:25:37,192.168.1.1,/api/auth/login,GET,0,-0.614282,0,,1,ANOMALY,0,0
395,2026-02-21 19:25:37,203.0.113.7,/api/orders,POST,30,-0.486253,1,"COMMAND_INJECTION,SLOW_DDoS (113 requests)",0,ATTACK,2,0
392,2026-02-21 19:25:36,192.168.1.15,/api/users,GET,0,-0.567293,0,,1,ANOMALY,0,0
393,2026-02-21 19:25:36,192.168.1.13,/api/admin,GET,0,-0.57226,0,,1,ANOMALY,0,0
390,2026-02-21 19:25:35,203.0.113.7,/api/search,POST,25,-0.459582,1,SLOW_DDoS (281 requests),0,ATTACK,1,0
391,2026-02-21 19:25:35,192.168.1.15,/api/users,GET,0,-0.567293,0,,1,ANOMALY,0,0
388,2026-02-21 19:25:34,192.168.1.19,/api/users,GET,0,-0.577683,0,,1,ANOMALY,0,0
389,2026-02-21 19:25:34,203.0.113.7,/api/auth/login,POST,25,-0.532945,1,"XSS_INJECTION,SLOW_DDoS (164 requests)",1,ATTACK,2,0
387,2026-02-21 19:25:33,203.0.113.5,/api/search,POST,33,-0.545117,1,"SQL_INJECTION (pattern matched),SLOW_DDoS (271 requests)",1,ATTACK,2,0
385,2026-02-21 19:25:32,192.168.1.17,/api/admin,GET,0,-0.561966,0,,1,ANOMALY,0,0
386,2026-02-21 19:25:32,192.168.1.11,/api/users,GET,0,-0.577683,0,,1,ANOMALY,0,0
383,2026-02-21 19:25:31,192.168.1.16,/api/search,GET,0,-0.577683,0,,1,ANOMALY,0,0
384,2026-02-21 19:25:31,192.168.1.3,/api/delete,POST,25,-0.420941,0,,0,NORMAL,0,0
381,2026-02-21 19:25:30,192.168.1.13,/api/delete,PUT,42,-0.519834,0,,1,ANOMALY,0,0
382,2026-02-21 19:25:30,192.168.1.18,/api/delete,POST,23,-0.469595,0,,0,NORMAL,0,0
379,2026-02-21 19:25:29,203.0.113.7,/api/users,POST,47,-0.508691,1,"XSS_INJECTION,SLOW_DDoS (195 requests)",0,ATTACK,2,0
380,2026-02-21 19:25:29,192.168.1.18,/api/orders,GET,0,-0.57226,0,,1,ANOMALY,0,0
377,2026-02-21 19:25:28,192.168.1.16,/api/orders,GET,0,-0.57226,0,,1,ANOMALY,0,0
378,2026-02-21 19:25:28,192.168.1.6,/api/admin,POST,32,-0.461428,0,,0,NORMAL,0,0
375,2026-02-21 19:25:27,192.168.1.19,/api/admin,PUT,46,-0.527956,0,,1,ANOMALY,0,0
376,2026-02-21 19:25:27,192.168.1.8,/api/products,POST,23,-0.473043,0,,0,NORMAL,0,0
373,2026-02-21 19:25:26,192.168.1.11,/api/auth/login,POST,32,-0.526564,0,,1,ANOMALY,0,0
374,2026-02-21 19:25:26,192.168.1.3,/api/products,GET,0,-0.575334,0,,1,ANOMALY,0,0
371,2026-02-21 19:25:25,192.168.1.6,/api/admin,POST,25,-0.420088,0,,0,NORMAL,0,0
372,2026-02-21 19:25:25,203.0.113.4,/api/delete,POST,25,-0.508496,1,"XSS_INJECTION,SLOW_DDoS (148 requests)",0,ATTACK,2,0
369,2026-02-21 19:25:24,192.168.1.9,/api/auth/login,GET,0,-0.610543,0,,1,ANOMALY,0,0
370,2026-02-21 19:25:24,192.168.1.7,/api/auth/register,POST,25,-0.419236,0,,0,NORMAL,0,0
368,2026-02-21 19:25:23,192.168.1.15,/api/auth/register,POST,32,-0.486466,0,,0,NORMAL,0,0
366,2026-02-21 19:25:22,192.168.1.9,/api/orders,GET,0,-0.568786,0,,1,ANOMALY,0,0
367,2026-02-21 19:25:22,192.168.1.15,/api/upload,POST,46,-0.470554,0,,0,NORMAL,0,0
364,2026-02-21 19:25:21,192.168.1.7,/api/users,POST,28,-0.438191,0,,0,NORMAL,0,0
365,2026-02-21 19:25:21,192.168.1.7,/api/search,GET,0,-0.577683,0,,1,ANOMALY,0,0
362,2026-02-21 19:25:20,192.168.1.14,/api/search,PUT,46,-0.519422,0,,1,ANOMALY,0,0
363,2026-02-21 19:25:20,203.0.113.7,/api/products,POST,41,-0.499907,1,COMMAND_INJECTION,0,ATTACK,1,0
360,2026-02-21 19:25:19,192.168.1.18,/api/users,GET,0,-0.577683,0,,1,ANOMALY,0,0
361,2026-02-21 19:25:19,192.168.1.16,/api/users,POST,25,-0.423451,0,,0,NORMAL,0,0
358,2026-02-21 19:25:18,192.168.1.9,/api/admin,GET,0,-0.57226,0,,1,ANOMALY,0,0
359,2026-02-21 19:25:18,192.168.1.18,/api/orders,GET,0,-0.569941,0,,1,ANOMALY,0,0
356,2026-02-21 19:25:17,192.168.1.16,/api/upload,GET,0,-0.564638,0,,1,ANOMALY,0,0
357,2026-02-21 19:25:17,192.168.1.8,/api/products,POST,34,-0.478657,1,COMMAND_INJECTION,0,ATTACK,1,0
354,2026-02-21 19:25:16,192.168.1.10,/api/auth/register,GET,0,-0.55969,0,,1,ANOMALY,0,0
355,2026-02-21 19:25:16,192.168.1.3,/api/delete,POST,42,-0.445925,0,,0,NORMAL,0,0
353,2026-02-21 19:25:15,192.168.1.3,/api/admin,POST,42,-0.445925,0,,0,NORMAL,0,0
351,2026-02-21 19:25:14,192.168.1.15,/api/auth/register,POST,32,-0.489248,0,,0,NORMAL,0,0
352,2026-02-21 19:25:14,192.168.1.8,/api/auth/login,GET,0,-0.611783,0,,1,ANOMALY,0,0
349,2026-02-21 19:25:13,192.168.1.8,/api/search,POST,28,-0.438191,0,,0,NORMAL,0,0
350,2026-02-21 19:25:13,192.168.1.19,/api/admin,GET,0,-0.57226,0,,1,ANOMALY,0,0
347,2026-02-21 19:25:12,192.168.1.16,/api/orders,GET,0,-0.569941,0,,1,ANOMALY,0,0
348,2026-02-21 19:25:12,192.168.1.3,/api/orders,POST,23,-0.467693,0,,0,NORMAL,0,0
345,2026-02-21 19:25:11,192.168.1.7,/api/delete,GET,0,-0.57226,0,,1,ANOMALY,0,0
346,2026-02-21 19:25:11,192.168.1.2,/api/admin,GET,0,-0.57226,0,,1,ANOMALY,0,0
343,2026-02-21 19:25:10,192.168.1.18,/api/upload,POST,32,-0.487595,0,,0,NORMAL,0,0
344,2026-02-21 19:25:10,192.168.1.9,/api/upload,POST,25,-0.415897,0,,0,NORMAL,0,0
341,2026-02-21 19:25:09,192.168.1.7,/api/products,GET,0,-0.575334,0,,1,ANOMALY,0,0
342,2026-02-21 19:25:09,192.168.1.6,/api/upload,POST,23,-0.463341,0,,0,NORMAL,0,0
339,2026-02-21 19:25:08,203.0.113.6,/api/upload,POST,25,-0.495055,1,"XSS_INJECTION,SLOW_DDoS (123 requests)",0,ATTACK,2,0
340,2026-02-21 19:25:08,192.168.1.12,/api/admin,PUT,25,-0.496102,0,,0,NORMAL,0,0
337,2026-02-21 19:25:07,192.168.1.4,/api/delete,GET,0,-0.561966,0,,1,ANOMALY,0,0
338,2026-02-21 19:25:07,192.168.1.11,/api/search,POST,32,-0.470688,0,,0,NORMAL,0,0
336,2026-02-21 19:25:06,192.168.1.9,/api/delete,POST,34,-0.475072,1,COMMAND_INJECTION,0,ATTACK,1,0
334,2026-02-21 19:25:05,192.168.1.7,/api/users,POST,42,-0.44828,0,,0,NORMAL,0,0
335,2026-02-21 19:25:05,192.168.1.10,/api/search,GET,0,-0.576512,0,,1,ANOMALY,0,0
332,2026-02-21 19:25:04,203.0.113.9,/api/products,POST,49,-0.532946,1,"SQL_INJECTION (found 3 keywords),SLOW_DDoS (209 requests)",1,ATTACK,2,2
333,2026-02-21 19:25:04,203.0.113.5,/api/orders,POST,29,-0.482244,1,"XSS_INJECTION,SLOW_DDoS (172 requests)",0,ATTACK,2,0
330,2026-02-21 19:25:03,192.168.1.8,/api/admin,PUT,28,-0.507996,0,,0,NORMAL,0,0
331,2026-02-21 19:25:03,192.168.1.1,/api/upload,POST,42,-0.441422,0,,0,NORMAL,0,0
328,2026-02-21 19:25:02,192.168.1.18,/api/orders,GET,0,-0.564638,0,,1,ANOMALY,0,0
329,2026-02-21 19:25:02,192.168.1.10,/api/users,GET,0,-0.574167,0,,1,ANOMALY,0,0
326,2026-02-21 19:25:01,192.168.1.17,/api/admin,POST,28,-0.424969,0,,0,NORMAL,0,0
327,2026-02-21 19:25:01,192.168.1.2,/api/orders,POST,25,-0.415897,0,,0,NORMAL,0,0
324,2026-02-21 19:25:00,192.168.1.11,/api/users,GET,0,-0.575334,0,,1,ANOMALY,0,0
325,2026-02-21 19:25:00,192.168.1.4,/api/delete,POST,23,-0.462103,0,,0,NORMAL,0,0
322,2026-02-21 19:24:59,192.168.1.10,/api/auth/register,POST,46,-0.474815,0,,0,NORMAL,0,0
323,2026-02-21 19:24:59,203.0.113.9,/api/orders,POST,16,-0.480824,1,SLOW_DDoS (134 requests),0,ATTACK,1,0
320,2026-02-21 19:24:58,192.168.1.6,/api/users,POST,46,-0.482132,0,,0,NORMAL,0,0
321,2026-02-21 19:24:58,203.0.113.6,/api/auth/login,POST,32,-0.49556,1,COMMAND_INJECTION,0,ATTACK,1,1
319,2026-02-21 19:24:57,192.168.1.12,/api/admin,POST,34,-0.473147,1,COMMAND_INJECTION,0,ATTACK,1,0
317,2026-02-21 19:24:56,192.168.1.5,/api/users,GET,0,-0.575334,0,,1,ANOMALY,0,0
318,2026-02-21 19:24:56,192.168.1.17,/api/orders,POST,32,-0.448507,0,,0,NORMAL,0,0
315,2026-02-21 19:24:55,192.168.1.7,/api/search,GET,0,-0.577683,0,,1,ANOMALY,0,0
316,2026-02-21 19:24:55,192.168.1.2,/api/orders,POST,34,-0.468674,1,COMMAND_INJECTION,0,ATTACK,1,0
313,2026-02-21 19:24:54,203.0.113.3,/api/users,POST,33,-0.543644,1,"SQL_INJECTION (pattern matched),SLOW_DDoS (223 requests)",1,ATTACK,2,1
314,2026-02-21 19:24:54,192.168.1.13,/api/orders,GET,0,-0.564638,0,,1,ANOMALY,0,0
311,2026-02-21 19:24:53,192.168.1.14,/api/auth/login,GET,0,-0.597497,0,,1,ANOMALY,0,0
312,2026-02-21 19:24:53,192.168.1.15,/api/orders,GET,0,-0.564638,0,,1,ANOMALY,0,0
309,2026-02-21 19:24:52,192.168.1.18,/api/search,POST,28,-0.434308,0,,0,NORMAL,0,0
310,2026-02-21 19:24:52,192.168.1.19,/api/search,POST,23,-0.473043,0,,0,NORMAL,0,0
307,2026-02-21 19:24:51,192.168.1.2,/api/users,POST,28,-0.434308,0,,0,NORMAL,0,0
308,2026-02-21 19:24:51,203.0.113.3,/api/admin,POST,30,-0.491845,1,"COMMAND_INJECTION,SLOW_DDoS (137 requests)",0,ATTACK,2,0
305,2026-02-21 19:24:50,192.168.1.11,/api/upload,POST,28,-0.428243,0,,0,NORMAL,0,0
306,2026-02-21 19:24:50,203.0.113.5,/api/search,POST,30,-0.51071,1,"SQL_INJECTION (pattern matched),COMMAND_INJECTION,SLOW_DDoS (205 requests)",0,ATTACK,3,0
303,2026-02-21 19:24:49,203.0.113.1,/api/products,POST,33,-0.539731,1,"SQL_INJECTION (pattern matched),SLOW_DDoS (291 requests)",1,ATTACK,2,0
304,2026-02-21 19:24:49,192.168.1.10,/api/auth/login,GET,0,-0.609329,0,,1,ANOMALY,0,0
302,2026-02-21 19:24:48,192.168.1.6,/api/users,GET,0,-0.57226,0,,1,ANOMALY,0,0
300,2026-02-21 19:24:47,203.0.113.2,/api/products,POST,49,-0.527793,1,"SQL_INJECTION (found 3 keywords),SLOW_DDoS (199 requests)",1,ATTACK,2,0
301,2026-02-21 19:24:47,192.168.1.18,/api/upload,POST,34,-0.468674,1,COMMAND_INJECTION,0,ATTACK,1,0
298,2026-02-21 19:24:46,203.0.113.5,/api/users,POST,47,-0.507458,1,"XSS_INJECTION,SLOW_DDoS (187 requests)",0,ATTACK,2,0
299,2026-02-21 19:24:46,203.0.113.4,/api/auth/login,POST,32,-0.504825,0,,0,NORMAL,0,2
296,2026-02-21 19:24:45,192.168.1.7,/api/auth/register,GET,0,-0.564638,0,,1,ANOMALY,0,0
297,2026-02-21 19:24:45,192.168.1.8,/api/products,GET,0,-0.57226,0,,1,ANOMALY,0,0
294,2026-02-21 19:24:44,192.168.1.4,/api/products,POST,32,-0.488445,0,,0,NORMAL,0,0
295,2026-02-21 19:24:44,192.168.1.15,/api/products,GET,0,-0.57226,0,,1,ANOMALY,0,0
292,2026-02-21 19:24:43,192.168.1.14,/api/users,GET,0,-0.562736,0,,1,ANOMALY,0,0
293,2026-02-21 19:24:43,192.168.1.2,/api/upload,POST,28,-0.428823,0,,0,NORMAL,0,0
290,2026-02-21 19:24:42,192.168.1.9,/api/auth/register,GET,0,-0.564638,0,,1,ANOMALY,0,0
291,2026-02-21 19:24:42,192.168.1.15,/api/products,GET,0,-0.57226,0,,1,ANOMALY,0,0
288,2026-02-21 19:24:41,192.168.1.11,/api/auth/login,GET,0,-0.604625,0,,1,ANOMALY,0,0
289,2026-02-21 19:24:41,192.168.1.14,/api/delete,POST,25,-0.412438,0,,0,NORMAL,0,0
287,2026-02-21 19:24:40,192.168.1.1,/api/admin,GET,0,-0.569941,0,,1,ANOMALY,0,0
285,2026-02-21 19:24:39,192.168.1.15,/api/search,GET,0,-0.575334,0,,1,ANOMALY,0,0
286,2026-02-21 19:24:39,192.168.1.4,/api/products,GET,0,-0.571099,0,,1,ANOMALY,0,0
283,2026-02-21 19:24:38,192.168.1.17,/api/auth/register,GET,0,-0.563493,0,,1,ANOMALY,0,0
284,2026-02-21 19:24:38,192.168.1.4,/api/auth/login,GET,0,-0.604625,0,,1,ANOMALY,0,0
281,2026-02-21 19:24:37,192.168.1.6,/api/search,GET,0,-0.575334,0,,1,ANOMALY,0,0
282,2026-02-21 19:24:37,192.168.1.10,/api/search,POST,28,-0.434308,0,,0,NORMAL,0,0
279,2026-02-21 19:24:36,192.168.1.7,/api/search,GET,0,-0.575334,0,,1,ANOMALY,0,0
280,2026-02-21 19:24:36,203.0.113.4,/api/auth/login,POST,32,-0.506284,0,,0,NORMAL,0,1
277,2026-02-21 19:24:35,192.168.1.7,/api/users,GET,0,-0.57226,0,,1,ANOMALY,0,0
278,2026-02-21 19:24:35,192.168.1.15,/api/products,POST,25,-0.420941,0,,0,NORMAL,0,0
275,2026-02-21 19:24:34,192.168.1.19,/api/admin,GET,0,-0.566552,0,,1,ANOMALY,0,0
276,2026-02-21 19:24:34,192.168.1.15,/api/orders,POST,34,-0.468674,1,COMMAND_INJECTION,0,ATTACK,1,0
273,2026-02-21 19:24:33,192.168.1.4,/api/auth/register,PUT,11,-0.518363,0,,1,ANOMALY,0,0
274,2026-02-21 19:24:33,192.168.1.16,/api/auth/login,POST,32,-0.494178,0,,0,NORMAL,0,0
271,2026-02-21 19:24:32,192.168.1.3,/api/products,GET,0,-0.57226,0,,1,ANOMALY,0,0
272,2026-02-21 19:24:32,192.168.1.19,/api/admin,GET,0,-0.564638,0,,1,ANOMALY,0,0
270,2026-02-21 19:24:31,203.0.113.8,/api/search,GET,30,-0.495114,1,"COMMAND_INJECTION,SLOW_DDoS (147 requests)",0,ATTACK,2,0
268,2026-02-21 19:24:30,192.168.1.17,/api/auth/register,POST,34,-0.46804,1,COMMAND_INJECTION,0,ATTACK,1,0
269,2026-02-21 19:24:30,192.168.1.6,/api/delete,GET,0,-0.569941,0,,1,ANOMALY,0,0
266,2026-02-21 19:24:29,192.168.1.9,/api/search,POST,23,-0.469595,0,,0,NORMAL,0,0
267,2026-02-21 19:24:29,203.0.113.4,/api/auth/login,POST,34,-0.549247,1,"XSS_INJECTION,SLOW_DDoS (193 requests)",1,ATTACK,2,0
264,2026-02-21 19:24:28,192.168.1.19,/api/users,GET,0,-0.57226,0,,1,ANOMALY,0,0
265,2026-02-21 19:24:28,192.168.1.15,/api/delete,POST,42,-0.444118,0,,0,NORMAL,0,0
262,2026-02-21 19:24:27,192.168.1.13,/api/auth/login,POST,32,-0.494178,0,,0,NORMAL,0,0
263,2026-02-21 19:24:27,192.168.1.14,/api/auth/register,GET,0,-0.554482,0,,1,ANOMALY,0,0
260,2026-02-21 19:24:26,192.168.1.13,/api/auth/login,GET,0,-0.600571,0,,1,ANOMALY,0,0
261,2026-02-21 19:24:26,203.0.113.1,/api/users,POST,29,-0.490203,1,"SQL_INJECTION (pattern matched),SLOW_DDoS (161 requests)",0,ATTACK,2,0
258,2026-02-21 19:24:25,192.168.1.10,/api/admin,GET,0,-0.564638,0,,1,ANOMALY,0,0
259,2026-02-21 19:24:25,192.168.1.10,/api/admin,GET,0,-0.564638,0,,1,ANOMALY,0,0
256,2026-02-21 19:24:24,192.168.1.3,/api/search,GET,0,-0.57226,0,,1,ANOMALY,0,0
257,2026-02-21 19:24:24,192.168.1.2,/api/delete,GET,0,-0.569941,0,,1,ANOMALY,0,0
255,2026-02-21 19:24:23,192.168.1.19,/api/orders,GET,0,-0.564638,0,,1,ANOMALY,0,0
253,2026-02-21 19:24:22,203.0.113.1,/api/products,POST,31,-0.481549,1,"XSS_INJECTION,SLOW_DDoS (178 requests)",0,ATTACK,2,0
254,2026-02-21 19:24:22,192.168.1.5,/api/search,GET,0,-0.57226,0,,1,ANOMALY,0,0
251,2026-02-21 19:24:21,192.168.1.16,/api/search,POST,28,-0.432026,0,,0,NORMAL,0,0
252,2026-02-21 19:24:21,192.168.1.17,/api/products,GET,0,-0.57226,0,,1,ANOMALY,0,0
249,2026-02-21 19:24:20,192.168.1.16,/api/search,POST,32,-0.464066,0,,0,NORMAL,0,0
250,2026-02-21 19:24:20,192.168.1.12,/api/orders,POST,11,-0.437296,0,,0,NORMAL,0,0
247,2026-02-21 19:24:19,192.168.1.19,/api/orders,GET,0,-0.560928,0,,1,ANOMALY,0,0
248,2026-02-21 19:24:19,192.168.1.19,/api/auth/login,POST,32,-0.513073,0,,1,ANOMALY,0,0
245,2026-02-21 19:24:18,203.0.113.7,/api/products,POST,17,-0.453391,1,SLOW_DDoS (215 requests),0,ATTACK,1,0
246,2026-02-21 19:24:18,192.168.1.9,/api/upload,POST,42,-0.442618,0,,0,NORMAL,0,0
243,2026-02-21 19:24:17,203.0.113.7,/api/delete,POST,31,-0.479599,1,"XSS_INJECTION,SLOW_DDoS (126 requests)",0,ATTACK,2,0
244,2026-02-21 19:24:17,192.168.1.15,/api/search,GET,0,-0.57226,0,,1,ANOMALY,0,0
241,2026-02-21 19:24:16,192.168.1.10,/api/search,GET,0,-0.57226,0,,1,ANOMALY,0,0
242,2026-02-21 19:24:16,192.168.1.14,/api/users,POST,11,-0.435832,0,,0,NORMAL,0,0
239,2026-02-21 19:24:15,203.0.113.2,/api/users,GET,30,-0.506637,1,COMMAND_INJECTION,0,ATTACK,1,0
240,2026-02-21 19:24:15,192.168.1.8,/api/delete,GET,0,-0.564638,0,,1,ANOMALY,0,0
237,2026-02-21 19:24:14,192.168.1.1,/api/admin,GET,0,-0.564638,0,,1,ANOMALY,0,0
238,2026-02-21 19:24:14,192.168.1.3,/api/delete,GET,0,-0.564638,0,,1,ANOMALY,0,0
236,2026-02-21 19:24:13,203.0.113.7,/api/users,POST,24,-0.494979,1,SLOW_DDoS (274 requests),0,ATTACK,1,0
234,2026-02-21 19:24:12,192.168.1.1,/api/search,PUT,34,-0.529517,1,COMMAND_INJECTION,1,ATTACK,1,0
235,2026-02-21 19:24:12,192.168.1.17,/api/orders,GET,0,-0.560548,0,,1,ANOMALY,0,0
232,2026-02-21 19:24:11,192.168.1.9,/api/admin,GET,0,-0.564638,0,,1,ANOMALY,0,0
233,2026-02-21 19:24:11,192.168.1.3,/api/auth/login,PUT,34,-0.563995,1,COMMAND_INJECTION,1,ATTACK,1,0
230,2026-02-21 19:24:10,192.168.1.4,/api/search,PUT,25,-0.496102,0,,0,NORMAL,0,0
231,2026-02-21 19:24:10,192.168.1.10,/api/auth/register,POST,32,-0.487595,0,,0,NORMAL,0,0
228,2026-02-21 19:24:09,192.168.1.16,/api/users,POST,46,-0.479599,0,,0,NORMAL,0,0
229,2026-02-21 19:24:09,192.168.1.17,/api/admin,POST,32,-0.487595,0,,0,NORMAL,0,0
226,2026-02-21 19:24:08,192.168.1.10,/api/orders,GET,0,-0.560548,0,,1,ANOMALY,0,0
227,2026-02-21 19:24:08,192.168.1.9,/api/auth/login,GET,0,-0.600571,0,,1,ANOMALY,0,0
224,2026-02-21 19:24:07,192.168.1.6,/api/auth/login,POST,42,-0.471881,0,,0,NORMAL,0,0
225,2026-02-21 19:24:07,192.168.1.7,/api/auth/register,GET,0,-0.564638,0,,1,ANOMALY,0,0
222,2026-02-21 19:24:06,192.168.1.7,/api/admin,GET,0,-0.564638,0,,1,ANOMALY,0,0
223,2026-02-21 19:24:06,192.168.1.8,/api/products,GET,0,-0.57226,0,,1,ANOMALY,0,0
221,2026-02-21 19:24:05,192.168.1.7,/api/admin,POST,32,-0.487595,0,,0,NORMAL,0,0
219,2026-02-21 19:24:04,192.168.1.3,/api/search,PUT,46,-0.527956,0,,1,ANOMALY,0,0
220,2026-02-21 19:24:04,192.168.1.12,/api/orders,GET,0,-0.560548,0,,1,ANOMALY,0,0
217,2026-02-21 19:24:03,192.168.1.13,/api/users,POST,32,-0.491238,0,,0,NORMAL,0,0
218,2026-02-21 19:24:03,192.168.1.17,/api/users,POST,32,-0.491238,0,,0,NORMAL,0,0
215,2026-02-21 19:24:02,192.168.1.9,/api/orders,GET,0,-0.560548,0,,1,ANOMALY,0,0
216,2026-02-21 19:24:02,192.168.1.19,/api/admin,POST,32,-0.487595,0,,0,NORMAL,0,0
213,2026-02-21 19:24:01,192.168.1.10,/api/auth/register,POST,42,-0.441422,0,,0,NORMAL,0,0
214,2026-02-21 19:24:01,203.0.113.3,/api/auth/login,POST,32,-0.492739,0,,0,NORMAL,0,1
212,2026-02-21 19:24:00,192.168.1.9,/api/admin,POST,23,-0.463341,0,,0,NORMAL,0,0
210,2026-02-21 19:23:59,192.168.1.6,/api/auth/register,GET,0,-0.560928,0,,1,ANOMALY,0,0
211,2026-02-21 19:23:59,203.0.113.9,/api/auth/login,POST,32,-0.502693,0,,0,NORMAL,0,2
208,2026-02-21 19:23:58,203.0.113.3,/api/delete,POST,47,-0.503234,1,"SQL_INJECTION (found 3 keywords),XSS_INJECTION,SLOW_DDoS (173 requests)",0,ATTACK,3,0
209,2026-02-21 19:23:58,192.168.1.14,/api/search,PUT,28,-0.505449,0,,0,NORMAL,0,0
206,2026-02-21 19:23:57,192.168.1.9,/api/delete,POST,32,-0.487595,0,,0,NORMAL,0,0
207,2026-02-21 19:23:57,203.0.113.9,/api/auth/register,POST,29,-0.492243,1,"XSS_INJECTION,SLOW_DDoS (145 requests)",0,ATTACK,2,0
204,2026-02-21 19:23:56,192.168.1.18,/api/auth/login,GET,0,-0.599759,0,,1,ANOMALY,0,0
205,2026-02-21 19:23:56,192.168.1.5,/api/products,GET,0,-0.57226,0,,1,ANOMALY,0,0
202,2026-02-21 19:23:55,192.168.1.10,/api/admin,GET,0,-0.560928,0,,1,ANOMALY,0,0
203,2026-02-21 19:23:55,192.168.1.7,/api/search,GET,0,-0.57226,0,,1,ANOMALY,0,0
200,2026-02-21 19:23:54,192.168.1.12,/api/users,GET,0,-0.57226,0,,1,ANOMALY,0,0
201,2026-02-21 19:23:54,192.168.1.8,/api/admin,GET,0,-0.560548,0,,1,ANOMALY,0,0
198,2026-02-21 19:23:53,192.168.1.13,/api/users,POST,42,-0.445925,0,,0,NORMAL,0,0
199,2026-02-21 19:23:53,192.168.1.19,/api/search,POST,34,-0.476142,1,COMMAND_INJECTION,0,ATTACK,1,0
197,2026-02-21 19:23:52,192.168.1.15,/api/admin,POST,32,-0.488917,0,,0,NORMAL,0,0
195,2026-02-21 19:23:51,192.168.1.15,/api/orders,POST,28,-0.428823,0,,0,NORMAL,0,0
196,2026-02-21 19:23:51,192.168.1.14,/api/orders,GET,0,-0.559412,0,,1,ANOMALY,0,0
193,2026-02-21 19:23:50,192.168.1.18,/api/users,GET,0,-0.57226,0,,1,ANOMALY,0,0
194,2026-02-21 19:23:50,192.168.1.9,/api/delete,GET,0,-0.564638,0,,1,ANOMALY,0,0
191,2026-02-21 19:23:49,192.168.1.10,/api/admin,PUT,32,-0.512359,0,,1,ANOMALY,0,0
192,2026-02-21 19:23:49,192.168.1.18,/api/orders,GET,0,-0.560548,0,,1,ANOMALY,0,0
189,2026-02-21 19:23:48,192.168.1.12,/api/products,POST,23,-0.469595,0,,0,NORMAL,0,0
190,2026-02-21 19:23:48,192.168.1.4,/api/upload,POST,11,-0.438488,0,,0,NORMAL,0,0
187,2026-02-21 19:23:47,192.168.1.14,/api/admin,POST,46,-0.472788,0,,0,NORMAL,0,0
188,2026-02-21 19:23:47,192.168.1.5,/api/auth/register,GET,0,-0.560548,0,,1,ANOMALY,0,0
185,2026-02-21 19:23:46,192.168.1.17,/api/search,GET,0,-0.57226,0,,1,ANOMALY,0,0
186,2026-02-21 19:23:46,192.168.1.14,/api/upload,GET,0,-0.560548,0,,1,ANOMALY,0,0
183,2026-02-21 19:23:45,192.168.1.12,/api/auth/register,POST,25,-0.417024,0,,0,NORMAL,0,0
184,2026-02-21 19:23:45,192.168.1.6,/api/auth/register,POST,32,-0.459127,0,,0,NORMAL,0,0
182,2026-02-21 19:23:44,192.168.1.10,/api/search,GET,0,-0.57226,0,,1,ANOMALY,0,0
180,2026-02-21 19:23:43,192.168.1.10,/api/auth/register,POST,11,-0.438488,0,,0,NORMAL,0,0
181,2026-02-21 19:23:43,203.0.113.9,/api/users,POST,33,-0.546773,1,"SQL_INJECTION (pattern matched),SLOW_DDoS (230 requests)",1,ATTACK,2,1
178,2026-02-21 19:23:42,192.168.1.15,/api/delete,GET,0,-0.564638,0,,1,ANOMALY,0,0
179,2026-02-21 19:23:42,192.168.1.4,/api/auth/register,POST,34,-0.469944,1,COMMAND_INJECTION,0,ATTACK,1,0
176,2026-02-21 19:23:41,192.168.1.14,/api/delete,GET,0,-0.564638,0,,1,ANOMALY,0,0
177,2026-02-21 19:23:41,192.168.1.5,/api/auth/login,GET,0,-0.598543,0,,1,ANOMALY,0,0
174,2026-02-21 19:23:40,192.168.1.4,/api/auth/login,POST,32,-0.512726,0,,1,ANOMALY,0,0
175,2026-02-21 19:23:40,203.0.113.6,/api/delete,POST,47,-0.503234,1,"SQL_INJECTION (found 3 keywords),XSS_INJECTION,SLOW_DDoS (143 requests)",0,ATTACK,3,0
172,2026-02-21 19:23:39,192.168.1.9,/api/products,POST,34,-0.475072,1,COMMAND_INJECTION,0,ATTACK,1,0
173,2026-02-21 19:23:39,192.168.1.1,/api/delete,POST,25,-0.415897,0,,0,NORMAL,0,0
170,2026-02-21 19:23:38,192.168.1.7,/api/admin,POST,42,-0.442618,0,,0,NORMAL,0,0
171,2026-02-21 19:23:38,203.0.113.1,/api/users,POST,24,-0.492974,1,SLOW_DDoS (184 requests),0,ATTACK,1,0
168,2026-02-21 19:23:37,192.168.1.1,/api/admin,GET,0,-0.560548,0,,1,ANOMALY,0,0
169,2026-02-21 19:23:37,192.168.1.15,/api/auth/login,GET,0,-0.598543,0,,1,ANOMALY,0,0
167,2026-02-21 19:23:36,192.168.1.1,/api/delete,POST,25,-0.415897,0,,0,NORMAL,0,0
165,2026-02-21 19:23:35,192.168.1.4,/api/products,POST,42,-0.445925,0,,0,NORMAL,0,0
166,2026-02-21 19:23:35,192.168.1.12,/api/auth/register,POST,11,-0.438488,0,,0,NORMAL,0,0
163,2026-02-21 19:23:34,192.168.1.6,/api/upload,GET,0,-0.560548,0,,1,ANOMALY,0,0
164,2026-02-21 19:23:34,203.0.113.8,/api/users,POST,25,-0.454084,1,SLOW_DDoS (171 requests),0,ATTACK,1,0
161,2026-02-21 19:23:33,192.168.1.4,/api/users,POST,32,-0.462186,0,,0,NORMAL,0,0
162,2026-02-21 19:23:33,192.168.1.15,/api/delete,POST,11,-0.437296,0,,0,NORMAL,0,0
159,2026-02-21 19:23:32,192.168.1.11,/api/products,GET,0,-0.569941,0,,1,ANOMALY,0,0
160,2026-02-21 19:23:32,192.168.1.4,/api/search,PUT,28,-0.505937,0,,0,NORMAL,0,0
157,2026-02-21 19:23:31,192.168.1.8,/api/delete,GET,0,-0.560548,0,,1,ANOMALY,0,0
158,2026-02-21 19:23:31,192.168.1.11,/api/search,GET,0,-0.569941,0,,1,ANOMALY,0,0
155,2026-02-21 19:23:30,192.168.1.17,/api/auth/register,GET,0,-0.560548,0,,1,ANOMALY,0,0
156,2026-02-21 19:23:30,192.168.1.13,/api/delete,GET,0,-0.560548,0,,1,ANOMALY,0,0
153,2026-02-21 19:23:29,192.168.1.13,/api/products,GET,0,-0.569941,0,,1,ANOMALY,0,0
154,2026-02-21 19:23:29,192.168.1.6,/api/admin,POST,23,-0.464597,0,,0,NORMAL,0,0
152,2026-02-21 19:23:28,192.168.1.19,/api/products,POST,32,-0.489248,0,,0,NORMAL,0,0
150,2026-02-21 19:23:27,192.168.1.2,/api/admin,GET,0,-0.560548,0,,1,ANOMALY,0,0
151,2026-02-21 19:23:27,192.168.1.9,/api/auth/login,POST,42,-0.471562,0,,0,NORMAL,0,0
148,2026-02-21 19:23:26,192.168.1.10,/api/orders,POST,23,-0.464597,0,,0,NORMAL,0,0
149,2026-02-21 19:23:26,192.168.1.12,/api/search,POST,11,-0.440806,0,,0,NORMAL,0,0
146,2026-02-21 19:23:25,203.0.113.5,/api/users,POST,24,-0.502161,1,SLOW_DDoS (298 requests),0,ATTACK,1,0
147,2026-02-21 19:23:25,192.168.1.8,/api/products,PUT,25,-0.494092,0,,0,NORMAL,0,0
144,2026-02-21 19:23:24,203.0.113.1,/api/users,POST,33,-0.532914,1,"SQL_INJECTION (pattern matched),SLOW_DDoS (234 requests)",1,ATTACK,2,0
145,2026-02-21 19:23:24,192.168.1.6,/api/delete,GET,0,-0.560548,0,,1,ANOMALY,0,0
142,2026-02-21 19:23:23,192.168.1.1,/api/users,POST,11,-0.437296,0,,0,NORMAL,0,0
143,2026-02-21 19:23:23,192.168.1.5,/api/search,PUT,25,-0.494092,0,,0,NORMAL,0,0
140,2026-02-21 19:23:22,192.168.1.2,/api/auth/register,GET,0,-0.560548,0,,1,ANOMALY,0,0
141,2026-02-21 19:23:22,192.168.1.17,/api/admin,POST,34,-0.469944,1,COMMAND_INJECTION,0,ATTACK,1,0
138,2026-02-21 19:23:21,203.0.113.9,/api/auth/login,POST,32,-0.497592,0,,0,NORMAL,0,1
139,2026-02-21 19:23:21,192.168.1.2,/api/delete,POST,11,-0.438488,0,,0,NORMAL,0,0
137,2026-02-21 19:23:20,192.168.1.12,/api/products,POST,32,-0.489248,0,,0,NORMAL,0,0
135,2026-02-21 19:23:19,192.168.1.16,/api/orders,PUT,46,-0.511094,0,,0,NORMAL,0,0
136,2026-02-21 19:23:19,203.0.113.5,/api/products,POST,49,-0.510227,1,"SQL_INJECTION (found 3 keywords),SLOW_DDoS (238 requests)",0,ATTACK,2,0
133,2026-02-21 19:23:18,192.168.1.14,/api/orders,GET,0,-0.557864,0,,1,ANOMALY,0,0
134,2026-02-21 19:23:18,203.0.113.4,/api/auth/login,POST,16,-0.503804,0,,0,NORMAL,0,0
131,2026-02-21 19:23:17,192.168.1.7,/api/auth/register,GET,0,-0.557864,0,,1,ANOMALY,0,0
132,2026-02-21 19:23:17,192.168.1.17,/api/admin,GET,0,-0.557864,0,,1,ANOMALY,0,0
129,2026-02-21 19:23:16,192.168.1.17,/api/upload,GET,0,-0.560548,0,,1,ANOMALY,0,0
130,2026-02-21 19:23:16,192.168.1.8,/api/orders,POST,42,-0.440224,0,,0,NORMAL,0,0
127,2026-02-21 19:23:15,192.168.1.19,/api/products,PUT,11,-0.518714,0,,1,ANOMALY,0,0
128,2026-02-21 19:23:15,192.168.1.14,/api/users,GET,0,-0.564638,0,,1,ANOMALY,0,0
125,2026-02-21 19:23:14,192.168.1.17,/api/search,PUT,32,-0.517846,0,,1,ANOMALY,0,0
126,2026-02-21 19:23:14,192.168.1.14,/api/upload,GET,0,-0.560548,0,,1,ANOMALY,0,0
123,2026-02-21 19:23:13,192.168.1.9,/api/auth/login,POST,11,-0.468731,0,,0,NORMAL,0,0
124,2026-02-21 19:23:13,203.0.113.7,/api/products,POST,25,-0.451078,1,SLOW_DDoS (211 requests),0,ATTACK,1,0
122,2026-02-21 19:23:12,192.168.1.9,/api/auth/register,GET,0,-0.557864,0,,1,ANOMALY,0,0
120,2026-02-21 19:23:11,203.0.113.2,/api/auth/login,POST,28,-0.50239,1,"XSS_INJECTION,SLOW_DDoS (156 requests)",0,ATTACK,2,0
121,2026-02-21 19:23:11,192.168.1.12,/api/admin,GET,0,-0.557487,0,,1,ANOMALY,0,0
118,2026-02-21 19:23:10,192.168.1.3,/api/search,GET,0,-0.564638,0,,1,ANOMALY,0,0
119,2026-02-21 19:23:10,192.168.1.2,/api/search,POST,34,-0.468674,1,COMMAND_INJECTION,0,ATTACK,1,0
117,2026-02-21 19:19:21,192.168.1.4,/api/orders,GET,0,-0.557487,0,,1,ANOMALY,0,0
116,2026-02-21 19:19:20,192.168.1.15,/api/upload,GET,0,-0.560548,0,,1,ANOMALY,0,0
114,2026-02-21 19:19:19,192.168.1.5,/api/search,PUT,11,-0.518363,0,,1,ANOMALY,0,0
115,2026-02-21 19:19:19,192.168.1.11,/api/delete,GET,0,-0.560548,0,,1,ANOMALY,0,0
112,2026-02-21 19:19:18,192.168.1.6,/api/delete,POST,46,-0.472788,0,,0,NORMAL,0,0
113,2026-02-21 19:19:18,203.0.113.7,/api/search,POST,29,-0.486568,1,"SQL_INJECTION (pattern matched),SLOW_DDoS (151 requests)",0,ATTACK,2,0
110,2026-02-21 19:19:17,192.168.1.3,/api/delete,POST,34,-0.469944,1,COMMAND_INJECTION,0,ATTACK,1,0
111,2026-02-21 19:19:17,192.168.1.9,/api/products,POST,34,-0.468674,1,COMMAND_INJECTION,0,ATTACK,1,0
108,2026-02-21 19:19:16,192.168.1.2,/api/search,GET,0,-0.564638,0,,1,ANOMALY,0,0
109,2026-02-21 19:19:16,192.168.1.9,/api/products,POST,32,-0.487595,0,,0,NORMAL,0,0
106,2026-02-21 19:19:15,192.168.1.5,/api/products,POST,25,-0.415897,0,,0,NORMAL,0,0
107,2026-02-21 19:19:15,192.168.1.4,/api/delete,GET,0,-0.560548,0,,1,ANOMALY,0,0
104,2026-02-21 19:19:14,192.168.1.18,/api/search,POST,32,-0.457886,0,,0,NORMAL,0,0
105,2026-02-21 19:19:14,192.168.1.18,/api/search,POST,25,-0.415897,0,,0,NORMAL,0,0
102,2026-02-21 19:19:13,192.168.1.10,/api/orders,GET,0,-0.557487,0,,1,ANOMALY,0,0
103,2026-02-21 19:19:13,192.168.1.12,/api/products,PUT,23,-0.519527,0,,1,ANOMALY,0,0
100,2026-02-21 19:19:12,192.168.1.1,/api/search,GET,0,-0.564638,0,,1,ANOMALY,0,0
101,2026-02-21 19:19:12,192.168.1.5,/api/delete,POST,34,-0.469944,1,COMMAND_INJECTION,0,ATTACK,1,0
99,2026-02-21 19:19:11,192.168.1.1,/api/admin,PUT,11,-0.511834,0,,1,ANOMALY,0,0
97,2026-02-21 19:19:10,192.168.1.12,/api/users,POST,32,-0.457886,0,,0,NORMAL,0,0
98,2026-02-21 19:19:10,203.0.113.4,/api/search,POST,49,-0.518553,1,"SQL_INJECTION (found 3 keywords),SLOW_DDoS (186 requests)",1,ATTACK,2,0
95,2026-02-21 19:19:09,192.168.1.16,/api/auth/register,GET,0,-0.557487,0,,1,ANOMALY,0,0
96,2026-02-21 19:19:09,192.168.1.15,/api/users,GET,0,-0.564638,0,,1,ANOMALY,0,0
93,2026-02-21 19:19:08,192.168.1.9,/api/orders,POST,23,-0.461001,0,,0,NORMAL,0,0
94,2026-02-21 19:19:08,192.168.1.11,/api/auth/login,GET,0,-0.594983,0,,1,ANOMALY,0,0
91,2026-02-21 19:19:07,192.168.1.17,/api/admin,PUT,23,-0.512091,0,,1,ANOMALY,0,0
92,2026-02-21 19:19:07,192.168.1.5,/api/auth/login,PUT,28,-0.536697,0,,1,ANOMALY,0,0
89,2026-02-21 19:19:06,192.168.1.6,/api/auth/register,POST,32,-0.488586,0,,0,NORMAL,0,0
90,2026-02-21 19:19:06,192.168.1.13,/api/products,POST,23,-0.463341,0,,0,NORMAL,0,0
87,2026-02-21 19:19:05,192.168.1.3,/api/orders,GET,0,-0.55711,0,,1,ANOMALY,0,0
88,2026-02-21 19:19:05,203.0.113.5,/api/upload,POST,47,-0.509178,1,"XSS_INJECTION,SLOW_DDoS (198 requests)",0,ATTACK,2,0
86,2026-02-21 19:19:04,192.168.1.18,/api/auth/login,PUT,32,-0.56749,0,,1,ANOMALY,0,0
84,2026-02-21 19:19:03,192.168.1.17,/api/admin,GET,0,-0.55711,0,,1,ANOMALY,0,0
85,2026-02-21 19:19:03,192.168.1.8,/api/admin,GET,0,-0.55711,0,,1,ANOMALY,0,0
82,2026-02-21 19:19:02,203.0.113.6,/api/users,POST,24,-0.489048,1,SLOW_DDoS (243 requests),0,ATTACK,1,0
83,2026-02-21 19:19:02,203.0.113.9,/api/orders,POST,16,-0.474406,1,SLOW_DDoS (117 requests),0,ATTACK,1,0
80,2026-02-21 19:19:01,192.168.1.10,/api/admin,PUT,42,-0.506675,0,,0,NORMAL,0,0
81,2026-02-21 19:19:01,192.168.1.18,/api/products,POST,34,-0.468674,1,COMMAND_INJECTION,0,ATTACK,1,0
78,2026-02-21 19:19:00,192.168.1.4,/api/delete,GET,0,-0.557864,0,,1,ANOMALY,0,0
79,2026-02-21 19:19:00,192.168.1.5,/api/admin,GET,0,-0.55711,0,,1,ANOMALY,0,0
76,2026-02-21 19:18:59,192.168.1.15,/api/orders,POST,23,-0.459293,0,,0,NORMAL,0,0
77,2026-02-21 19:18:59,203.0.113.1,/api/upload,POST,47,-0.504598,1,"XSS_INJECTION,SLOW_DDoS (121 requests)",0,ATTACK,2,0
74,2026-02-21 19:18:58,203.0.113.8,/api/search,GET,30,-0.481474,1,COMMAND_INJECTION,0,ATTACK,1,0
75,2026-02-21 19:18:58,192.168.1.15,/api/users,GET,0,-0.564638,0,,1,ANOMALY,0,0
73,2026-02-21 19:18:57,192.168.1.14,/api/orders,GET,0,-0.555767,0,,1,ANOMALY,0,0
71,2026-02-21 19:18:56,203.0.113.4,/api/search,POST,25,-0.466467,1,SLOW_DDoS (296 requests),0,ATTACK,1,0
72,2026-02-21 19:18:56,192.168.1.5,/api/users,POST,42,-0.441422,0,,0,NORMAL,0,0
69,2026-02-21 19:18:55,192.168.1.4,/api/auth/login,PUT,11,-0.548124,0,,1,ANOMALY,0,0
70,2026-02-21 19:18:55,192.168.1.14,/api/delete,GET,0,-0.557487,0,,1,ANOMALY,0,0
67,2026-02-21 19:18:54,192.168.1.6,/api/products,GET,0,-0.560928,0,,1,ANOMALY,0,0
68,2026-02-21 19:18:54,192.168.1.2,/api/users,POST,32,-0.487595,0,,0,NORMAL,0,0
65,2026-02-21 19:18:53,192.168.1.4,/api/products,GET,0,-0.560928,0,,1,ANOMALY,0,0
66,2026-02-21 19:18:53,192.168.1.7,/api/users,POST,32,-0.457886,0,,0,NORMAL,0,0
63,2026-02-21 19:18:52,192.168.1.8,/api/auth/login,POST,25,-0.447066,0,,0,NORMAL,0,0
64,2026-02-21 19:18:52,192.168.1.12,/api/users,GET,0,-0.560928,0,,1,ANOMALY,0,0
61,2026-02-21 19:18:51,192.168.1.17,/api/upload,POST,32,-0.488586,0,,0,NORMAL,0,0
62,2026-02-21 19:18:51,203.0.113.9,/api/users,POST,49,-0.51848,1,"SQL_INJECTION (found 3 keywords),SLOW_DDoS (161 requests)",1,ATTACK,2,0
59,2026-02-21 19:18:50,192.168.1.10,/api/admin,PUT,32,-0.52884,0,,1,ANOMALY,0,0
60,2026-02-21 19:18:50,203.0.113.7,/api/products,POST,33,-0.533636,1,"SQL_INJECTION (pattern matched),SLOW_DDoS (288 requests)",1,ATTACK,2,0
57,2026-02-21 19:18:49,192.168.1.4,/api/products,POST,32,-0.488917,0,,0,NORMAL,0,0
58,2026-02-21 19:18:49,192.168.1.18,/api/search,POST,32,-0.488917,0,,0,NORMAL,0,0
56,2026-02-21 19:18:48,203.0.113.8,/api/users,POST,17,-0.448497,1,SLOW_DDoS (280 requests),0,ATTACK,1,0
54,2026-02-21 19:18:47,192.168.1.10,/api/upload,POST,28,-0.426443,0,,0,NORMAL,0,0
55,2026-02-21 19:18:47,192.168.1.15,/api/upload,POST,28,-0.426792,0,,0,NORMAL,0,0
52,2026-02-21 19:18:46,192.168.1.6,/api/users,POST,23,-0.464597,0,,0,NORMAL,0,0
53,2026-02-21 19:18:46,192.168.1.16,/api/users,GET,0,-0.560548,0,,1,ANOMALY,0,0
50,2026-02-21 19:18:45,192.168.1.18,/api/auth/register,PUT,32,-0.507102,0,,0,NORMAL,0,0
51,2026-02-21 19:18:45,192.168.1.5,/api/products,POST,28,-0.428823,0,,0,NORMAL,0,0
48,2026-02-21 19:18:44,192.168.1.7,/api/delete,GET,0,-0.557487,0,,1,ANOMALY,0,0
49,2026-02-21 19:18:44,192.168.1.10,/api/delete,POST,23,-0.461001,0,,0,NORMAL,0,0
46,2026-02-21 19:18:43,192.168.1.10,/api/delete,GET,0,-0.55711,0,,1,ANOMALY,0,0
47,2026-02-21 19:18:43,192.168.1.14,/api/delete,GET,0,-0.55711,0,,1,ANOMALY,0,0
44,2026-02-21 19:18:42,192.168.1.6,/api/delete,PUT,25,-0.482911,0,,0,NORMAL,0,0
45,2026-02-21 19:18:42,203.0.113.6,/api/auth/register,GET,13,-0.466693,1,"COMMAND_INJECTION,SLOW_DDoS (102 requests)",0,ATTACK,2,0
42,2026-02-21 19:18:41,192.168.1.5,/api/products,POST,42,-0.442618,0,,0,NORMAL,0,0
43,2026-02-21 19:18:41,192.168.1.8,/api/auth/login,POST,28,-0.459028,0,,0,NORMAL,0,0
40,2026-02-21 19:18:40,192.168.1.8,/api/auth/login,GET,0,-0.593777,0,,1,ANOMALY,0,0
41,2026-02-21 19:18:40,203.0.113.7,/api/search,POST,29,-0.485424,1,"SQL_INJECTION (pattern matched),SLOW_DDoS (268 requests)",0,ATTACK,2,0
39,2026-02-21 19:18:39,192.168.1.5,/api/auth/register,PUT,46,-0.510495,0,,0,NORMAL,0,0
37,2026-02-21 19:18:38,192.168.1.9,/api/auth/register,POST,23,-0.460092,0,,0,NORMAL,0,0
38,2026-02-21 19:18:38,192.168.1.15,/api/users,GET,0,-0.560548,0,,1,ANOMALY,0,0
35,2026-02-21 19:18:37,192.168.1.12,/api/delete,GET,0,-0.55711,0,,1,ANOMALY,0,0
36,2026-02-21 19:18:37,192.168.1.13,/api/users,POST,28,-0.428823,0,,0,NORMAL,0,0
33,2026-02-21 19:18:36,192.168.1.4,/api/users,GET,0,-0.560548,0,,1,ANOMALY,0,0
34,2026-02-21 19:18:36,192.168.1.4,/api/orders,GET,0,-0.556152,0,,1,ANOMALY,0,0
31,2026-02-21 19:18:35,203.0.113.7,/api/products,POST,30,-0.49853,1,"SQL_INJECTION (pattern matched),COMMAND_INJECTION,SLOW_DDoS (169 requests)",0,ATTACK,3,0
32,2026-02-21 19:18:35,192.168.1.17,/api/auth/register,GET,0,-0.55711,0,,1,ANOMALY,0,0
29,2026-02-21 19:18:34,192.168.1.10,/api/products,GET,0,-0.560548,0,,1,ANOMALY,0,0
30,2026-02-21 19:18:34,192.168.1.19,/api/search,GET,0,-0.560548,0,,1,ANOMALY,0,0
28,2026-02-21 19:18:33,203.0.113.2,/api/auth/register,POST,16,-0.471379,1,SLOW_DDoS (120 requests),0,ATTACK,1,0
26,2026-02-21 19:18:32,192.168.1.11,/api/users,GET,0,-0.560548,0,,1,ANOMALY,0,0
27,2026-02-21 19:18:32,192.168.1.5,/api/delete,PUT,28,-0.49141,0,,0,NORMAL,0,0
24,2026-02-21 19:18:31,192.168.1.8,/api/admin,POST,42,-0.436288,0,,0,NORMAL,0,0
25,2026-02-21 19:18:31,192.168.1.9,/api/auth/login,GET,0,-0.593777,0,,1,ANOMALY,0,0
22,2026-02-21 19:18:30,192.168.1.2,/api/orders,GET,0,-0.554196,0,,1,ANOMALY,0,0
23,2026-02-21 19:18:30,192.168.1.11,/api/admin,POST,25,-0.41429,0,,0,NORMAL,0,0
20,2026-02-21 19:18:29,192.168.1.8,/api/products,POST,42,-0.442618,0,,0,NORMAL,0,0
21,2026-02-21 19:18:29,192.168.1.6,/api/users,GET,0,-0.557864,0,,1,ANOMALY,0,0
18,2026-02-21 19:18:28,192.168.1.2,/api/admin,POST,46,-0.464689,0,,0,NORMAL,0,0
19,2026-02-21 19:18:28,192.168.1.2,/api/upload,GET,0,-0.55711,0,,1,ANOMALY,0,0
16,2026-02-21 19:18:27,192.168.1.6,/api/delete,POST,11,-0.433343,0,,0,NORMAL,0,0
17,2026-02-21 19:18:27,203.0.113.1,/api/products,POST,25,-0.4523,1,SLOW_DDoS (195 requests),0,ATTACK,1,0
14,2026-02-21 19:18:26,192.168.1.10,/api/admin,GET,0,-0.556327,0,,1,ANOMALY,0,0
15,2026-02-21 19:18:26,192.168.1.14,/api/search,PUT,32,-0.536837,0,,1,ANOMALY,0,0
12,2026-02-21 19:18:25,192.168.1.8,/api/products,GET,0,-0.557864,0,,1,ANOMALY,0,0
13,2026-02-21 19:18:25,192.168.1.9,/api/auth/login,POST,23,-0.493904,0,,0,NORMAL,0,0
11,2026-02-21 19:18:24,192.168.1.10,/api/auth/login,GET,0,-0.593375,0,,1,ANOMALY,0,0
9,2026-02-21 19:18:23,192.168.1.5,/api/auth/login,POST,34,-0.500265,1,COMMAND_INJECTION,0,ATTACK,1,0
10,2026-02-21 19:18:23,192.168.1.13,/api/delete,GET,0,-0.554196,0,,1,ANOMALY,0,0
7,2026-02-21 19:18:22,192.168.1.2,/api/delete,POST,28,-0.424049,0,,0,NORMAL,0,0
8,2026-02-21 19:18:22,192.168.1.6,/api/orders,GET,0,-0.554946,0,,1,ANOMALY,0,0
5,2026-02-21 19:18:21,203.0.113.7,/api/orders,POST,34,-0.508605,1,"XSS_INJECTION,SLOW_DDoS (154 requests)",0,ATTACK,2,0
6,2026-02-21 19:18:21,192.168.1.10,/api/auth/login,POST,46,-0.502033,0,,0,NORMAL,0,0
3,2026-02-21 19:18:20,192.168.1.16,/api/search,POST,11,-0.438488,0,,0,NORMAL,0,0
4,2026-02-21 19:18:20,192.168.1.18,/api/products,GET,0,-0.557864,0,,1,ANOMALY,0,0
1,2026-02-21 19:18:19,192.168.1.2,/api/users,POST,28,-0.428823,0,,0,NORMAL,0,0
2,2026-02-21 19:18:19,192.168.1.5,/api/orders,POST,42,-0.439686,0,,0,NORMAL,0,0
